{
  "project_info": {
    "project_number": "414220791387",
    "project_id": "integradora-app-dccb9",
    "storage_bucket": "integradora-app-dccb9.firebasestorage.app"
  },
  "client": [
    {
      "client_info": {
        "mobilesdk_app_id": "1:414220791387:android:460ad4ed78fe27df20197e",
        "android_client_info": {
          "package_name": "com.example.loginappmovil"
        }
      },
      "oauth_client": [],
      "api_key": [
        {
          "current_key": "AIzaSyBPs9Ysx2rPLsSQRsEQ2vLLVWTIguyApz4"
        }
      ],
      "services": {
        "appinvite_service": {
          "other_platform_oauth_client": []
        }
      }
    }
  ],
  "configuration_version": "1"
}